MaKhach,HoTen,CCCD,SDT
KH001,Nguyễn Văn Nam,511093474979,0383299816
KH002,Trần Thị Bé,114348943382,0973696154
KH003,Lê Văn A,544619115397,0937747679
KH004,Trung Xuân Mai,424772731338,0382788012
KH005,Hà Vũ,145477001520,0931995043
KH006,Tùng Trí Mai,234614478324,0984552942
KH007,Bảo Bùi,470902706695,0976902989
KH008,Thành Đức Nguyễn,985632295363,0979173033
KH009,Bảo Mai Bảo Bùi,446261108336,0939086661
KH010,Bảo Dương,342935812240,0388635354
KH011,Phương Dương,145132608196,0381073182
KH012,Dương Bùi,471312947492,0912253030
KH013,Anh Thành Trần,443196354149,0914772422
KH014,Vũ Bảo Mai,759064268801,0913333167
KH015,Quý cô Bảo Phạm,273146899294,0909554463
KH016,Hoàng Vũ,961179848169,0383696953
KH017,Châu Hoàng Lê,241771240778,0887125611
KH018,Tùng Lê,675526079919,0884498096
KH019,Vũ Nguyễn,702484835142,0934973945
KH020,Chị Vi Phạm,505574726198,0939094924
KH021,Bảo Hoàng Trần,270480834454,0381605586
KH022,Hoàng Xuân Hoàng,115416989370,0936094462
KH023,Nhiên Hải Hoàng,249697097969,0935487737
KH024,Minh Trần,672118510174,0887219969
KH025,Bác Quang Đặng,393743432480,0988185037
KH026,Thành Lê,341093207955,0881242539
KH027,Huy Thế Bùi,510740388325,0882971200
KH028,Cô Ngọc Trần,616010352837,0909869706
KH029,Chị Vi Đặng,828623308242,0987604107
KH030,Chị Hà Dương,679409715789,0908667583
KH031,Trọng Thị Trần,584781033436,0989450065
KH032,Anh Hữu Mai,792194584364,0933949276
KH033,Ông Nam Vũ,158556686160,0382315823
KH034,Khoa Nguyễn,321267732917,0932199890
KH035,Trung Xuân Phạm,665630980264,0906744335
KH036,Chị Duyên Hoàng,162645975156,0883494298
KH037,Nhật Hoàng Mai,343030828141,0903149125
KH038,Bà An Trần,994697555091,0907138719
KH039,Thành Đức Nguyễn,832777422953,0885343124
KH040,Cô Lâm Lê,147857196343,0383117869
KH041,Quang Bùi,761854687908,0388808249
KH042,Minh Vũ,951764819367,0908267818
KH043,Quý ông Anh Trần,727182986341,0934756149
KH044,Trung Mai Bảo Phạm,256490649643,0975934607
KH045,Hương Trần,629628635309,0881583947
KH046,Hải Xuân Nguyễn,751579204017,0889686547
KH047,Dũng Mai Đặng,333718058767,0886381701
KH048,Mai Lê,374906856497,0933250346
KH049,Quý cô Phương Đặng,603761572651,0982293622
KH050,Bà Lan Dương,580555487024,0935522486
KH051,Tú Hoàng,754153159796,0977270493
KH052,Cô Vân Mai,905731728429,0884688113
KH053,Tùng Mai Hoàng,212790284783,0975709651
KH054,Cô Thảo Mai,884148940947,0988122034
KH055,Chi Đặng,325989429686,0934070782
KH056,Huy Vũ,501649284619,0911431801
KH057,Bà Hạnh Dương,554570534776,0886279388
KH058,Hạnh Đức Trần,631511989173,0903401652
KH059,Ánh Phạm,695233630214,0933326581
KH060,Nhật Phạm,843266344828,0935536014
